dx,time,q
00,10.5,1.0
01,9.70,0.9666666666666667
05,9.50,0.8333333333333333
08,7.80,0.7333333333333333
10,6.50,0.6666666666666666
15,5.30,0.5
20,4.50,0.3333333333333333
25,4.20,0.1666666666666666
30,4.00,0.0